fingerprint,fingerprint_short,nickname,ip_address,role,country_name,country_code,as_name,observed_bandwidth_bps,advertised_bandwidth_bps,first_seen,last_seen,flags,is_guard,is_exit,is_stable,is_fast,fetched_at,observed_bandwidth_mbps,advertised_bandwidth_mbps,uptime_days
000004ACBB9D29BCBA17256BB35928DDBFC8ABA9,000004AC,lisdex,152.53.144.50,Relay,Germany,de,netcup GmbH,46152978,46152978,2025-11-09 17:00:00,2025-12-15 14:00:00,"Fast,Running,Valid",0,0,0,1,2025-12-15T20:48:16.473234,46.15,46.15,35
0000775396823734F953D22C238F0FE85DB6F390,00007753,SharingIsCaring,188.195.48.170,Relay,Germany,de,Vodafone GmbH,899282,899282,2025-11-12 22:00:00,2025-12-15 14:00:00,"Fast,HSDir,Running,Stable,V2Dir,Valid",0,0,1,1,2025-12-15T20:48:16.473504,0.9,0.9,32
000A10D43011EA4928A35F610405F92B4433B4DC,000A10D4,seele,104.53.221.159,Relay,United States of America,us,"AT&T Enterprises, LLC",1008480,1008480,2014-08-23 06:00:00,2025-12-15 14:00:00,"Fast,HSDir,Running,Stable,V2Dir,Valid",0,0,1,1,2025-12-15T20:48:16.474295,1.01,1.01,4132
000D11C0BF30C48FD81644ED2AA3D3733A5149D1,000D11C0,hubbabubbaABC,83.108.59.221,Guard,Norway,no,Telenor Norge AS,16783813,16783813,2025-02-16 17:00:00,2025-12-15 14:00:00,"Fast,Guard,HSDir,Running,Stable,V2Dir,Valid",1,0,1,1,2025-12-15T20:48:16.474306,16.78,16.78,301
000F3EB75342BE371F1D8D3FAE90890AEB5664EE,000F3EB7,SENDNOOSEplz,204.137.14.106,Guard+Exit,United States of America,us,Atomic Networks LLC,14168861,12697600,2023-07-08 00:00:00,2025-12-15 14:00:00,"Exit,Fast,Guard,HSDir,Running,Stable,V2Dir,Valid",1,1,1,1,2025-12-15T20:48:16.474363,14.17,12.7,891
0011254CC8444369B20EF11156B8990438221A54,0011254C,titamon3,178.218.144.18,Guard+Exit,Italy,it,Lowhosting services of Davide Gennari,16657696,16657696,2022-10-25 19:00:00,2025-12-15 14:00:00,"Exit,Fast,Guard,HSDir,Running,Stable,V2Dir,Valid",1,1,1,1,2025-12-15T20:48:16.474384,16.66,16.66,1146
00240ECB2B535AA4C1E1874D744DFA6AF2E5E941,00240ECB,skylarkRelay,95.111.230.178,Guard,Germany,de,Contabo GmbH,12178986,12178986,2020-08-28 11:00:00,2025-12-15 14:00:00,"Fast,Guard,HSDir,Running,Stable,V2Dir,Valid",1,0,1,1,2025-12-15T20:48:16.474393,12.18,12.18,1935
0024E93D8366B4169981EA5A07A9B7AC319E08C2,0024E93D,9g4net3,185.184.70.225,Guard,United Kingdom of Great Britain and Northern Ireland,gb,MASSIVEGRID LTD,12440756,12440756,2025-03-02 19:00:00,2025-12-15 14:00:00,"Fast,Guard,HSDir,Running,Stable,V2Dir,Valid",1,0,1,1,2025-12-15T20:48:16.474404,12.44,12.44,287
00251F9F626F0E741030AF54CE019B115D01697D,00251F9F,Quetzalcoatl,45.95.169.110,Guard+Exit,Croatia,hr,MAXKO d.o.o.,8082432,8082432,2025-02-21 20:00:00,2025-12-15 14:00:00,"Exit,Fast,Guard,HSDir,Running,Stable,V2Dir,Valid",1,1,1,1,2025-12-15T20:48:16.474414,8.08,8.08,296
00283B5564E3072DCDDAB31D6EF622DD49BF524F,00283B55,StarAppsMobley,84.234.21.98,Guard,Switzerland,ch,Infomaniak Network SA,50267857,50267857,2021-10-01 17:00:00,2025-12-15 14:00:00,"Fast,Guard,HSDir,Running,Stable,V2Dir,Valid",1,0,1,1,2025-12-15T20:48:16.474426,50.27,50.27,1535
0028C91CFBA3601F32F90EF9643BEF5ED031A658,0028C91C,ernies,80.239.189.84,Relay,Sweden,se,Arelion Sweden AB,12104801,12104801,2025-03-19 03:00:00,2025-12-15 14:00:00,"Fast,Running,Stable,V2Dir,Valid",0,0,1,1,2025-12-15T20:48:16.474439,12.1,12.1,271
0036FA36AB435FD5D0F640626636867EBFB72C68,0036FA36,ForPrivacyNET,185.220.101.33,Guard+Exit,Germany,de,Stiftung Erneuerbare Freiheit,35422208,35422208,2021-12-05 16:00:00,2025-12-15 14:00:00,"Exit,Fast,Guard,Running,Stable,V2Dir,Valid",1,1,1,1,2025-12-15T20:48:16.474450,35.42,35.42,1470
003A08F1ADC002D24979C68AA5A33369C04D9C7F,003A08F1,relayon0170,185.220.101.170,Exit,Germany,de,Stiftung Erneuerbare Freiheit,51332548,51332548,2023-11-09 05:00:00,2025-12-15 14:00:00,"Exit,Fast,Running,Stable,Valid",0,1,1,1,2025-12-15T20:48:16.474462,51.33,51.33,767
003F0225684496F1D4243592E6A92E3F0C4A5947,003F0225,Unnamed,8.219.15.13,Relay,Singapore,sg,"Alibaba (US) Technology Co., Ltd.",1343358,1343358,2025-12-01 18:00:00,2025-12-15 14:00:00,"Fast,HSDir,Running,Stable,V2Dir,Valid",0,0,1,1,2025-12-15T20:48:16.474473,1.34,1.34,13
0040E1791755D340BA8109F4C1849666582CF56C,0040E179,chali2na,64.65.62.145,Guard,United States of America,us,1st Amendment Encrypted Openness LLC,9213261,9213261,2025-03-09 05:00:00,2025-12-15 14:00:00,"Fast,Guard,HSDir,Running,Stable,V2Dir,Valid",1,0,1,1,2025-12-15T20:48:16.474484,9.21,9.21,281
004A25BF22D034283EF44DFB2471B72FABB1C700,004A25BF,Quetzalcoatl,193.26.115.140,Exit,United States of America,us,1337 Services GmbH,8436736,8436736,2025-06-06 14:00:00,2025-12-15 14:00:00,"Exit,Fast,Running,Stable,V2Dir,Valid",0,1,1,1,2025-12-15T20:48:16.474496,8.44,8.44,192
004F9A0513C84E72054CEB555DB51EEEF319546D,004F9A05,NTH22R5,192.42.116.174,Exit,Netherlands,nl,Church of Cyberology,14963473,14963473,2023-07-01 21:00:00,2025-12-15 14:00:00,"Exit,Fast,Running,Stable,Valid",0,1,1,1,2025-12-15T20:48:16.474506,14.96,14.96,897
0050875D8D60D3C0EDC54E61DCA5FCE8BA900289,0050875D,ITSCTheLordMyLight,128.140.60.104,Guard,Germany,de,Hetzner Online GmbH,4904333,4194304,2025-05-18 11:00:00,2025-12-15 14:00:00,"Fast,Guard,HSDir,Running,Stable,V2Dir,Valid",1,0,1,1,2025-12-15T20:48:16.474517,4.9,4.19,211
0055DB090820D7C08999EC1598FD6EA6365861AD,0055DB09,NTH33R5,192.42.116.185,Exit,Netherlands,nl,Church of Cyberology,16941679,16941679,2023-07-07 10:00:00,2025-12-15 14:00:00,"Exit,Fast,Running,Stable,Valid",0,1,1,1,2025-12-15T20:48:16.474528,16.94,16.94,892
005A2425FAD0E62F9E83DB2C052DB8F75ADF0885,005A2425,r0cket11i7,45.84.107.128,Exit,Sweden,se,QuxLabs AB,30636032,30636032,2025-02-16 11:00:00,2025-12-15 14:00:00,"Exit,Fast,Running,Stable,Valid",0,1,1,1,2025-12-15T20:48:16.474538,30.64,30.64,302
005ED97213F725867E422B8DC0443361BBB24E3C,005ED972,Athena,104.244.79.75,Guard,Luxembourg,lu,FranTech Solutions,48344277,48344277,2019-07-05 16:00:00,2025-12-15 14:00:00,"Fast,Guard,HSDir,Running,Stable,V2Dir,Valid",1,0,1,1,2025-12-15T20:48:16.474551,48.34,48.34,2354
0061D22AFD1F06D4E6F35006BD3D9C21D7981EA9,0061D22A,eisbaer,109.70.100.70,Exit,Austria,at,Foundation for Applied Privacy,24476880,24476880,2021-08-14 23:00:00,2025-12-15 14:00:00,"Exit,Fast,Running,Stable,Valid",0,1,1,1,2025-12-15T20:48:16.474562,24.48,24.48,1583
00698799187D98EB771B336237A7F48B487181B4,00698799,Unnamed,185.243.214.73,Relay,Greece,gr,MVPS LTD,1768850,76800,2025-08-03 14:00:00,2025-12-15 14:00:00,"Running,Stable,V2Dir,Valid",0,0,1,0,2025-12-15T20:48:16.474574,1.77,0.08,134
0077640E103A829BF8228D42F95818DAD1E9D84C,0077640E,anarchistcook,179.43.159.78,Guard+Exit,Switzerland,ch,Private Layer INC,5605712,3276800,2024-01-12 03:00:00,2025-12-15 14:00:00,"Exit,Fast,Guard,HSDir,Running,Stable,V2Dir,Valid",1,1,1,1,2025-12-15T20:48:16.474584,5.61,3.28,703
0077BCBA7244DB3E6A5ED2746E86170066684887,0077BCBA,Quintex13,204.8.96.103,Exit,United States of America,us,Quintex Alliance Consulting,6987172,6987172,2016-09-17 18:00:00,2025-12-15 14:00:00,"Exit,Fast,HSDir,Running,Stable,V2Dir,Valid",0,1,1,1,2025-12-15T20:48:16.513249,6.99,6.99,3375
0077DDDDB54954214CFEE0FE8AA85DDC857E7C8A,0077DDDD,venenata,71.19.144.65,Relay,United States of America,us,"prgmr.com, Inc.",2989056,2989056,2019-08-06 20:00:00,2025-12-15 14:00:00,"Fast,Running,Stable,Valid",0,0,1,1,2025-12-15T20:48:16.513279,2.99,2.99,2322
007F178ECF496433D38B0D151B70981DF55E2B8A,007F178E,jollyjack,45.249.101.87,Relay,Bangladesh,bd,Red Grapes Pte Ltd,1439069,1439069,2023-12-05 12:00:00,2025-12-15 14:00:00,"Fast,HSDir,Running,Stable,V2Dir,Valid",0,0,1,1,2025-12-15T20:48:16.513293,1.44,1.44,741
008196DC449482C73CFA9712445223917F760921,008196DC,INSRelay42at8443,140.78.100.42,Relay,Austria,at,University Linz,9413036,107520,2021-02-26 18:00:00,2025-12-15 14:00:00,"Fast,Running,Stable,V2Dir,Valid",0,0,1,1,2025-12-15T20:48:16.513304,9.41,0.11,1752
008269B0D282617EBE0BB995461C78D77B7525F6,008269B0,LoveOnlyMonero,185.153.55.208,Relay,Sweden,se,Hollander & Jacobsen UG (haftungsbeschraenkt),19177576,19177576,2024-11-23 02:00:00,2025-12-15 13:00:00,"Fast,Running,Stable,Valid",0,0,1,1,2025-12-15T20:48:16.513316,19.18,19.18,387
0082C49022C0811D45620D408E068835E2BABA71,0082C490,HandsofGoldSpa,176.118.193.106,Relay,Germany,de,"Oliver Horscht is trading as ""SYNLINQ""",126377,126377,2023-03-16 15:00:00,2025-12-15 14:00:00,"BadExit,MiddleOnly,Running,Stable,Valid",0,0,1,0,2025-12-15T20:48:16.513328,0.13,0.13,1004
0082FE19212D9681EEB2320A42ADF0390D231585,0082FE19,eo190,23.129.64.190,Guard+Exit,United States of America,us,Emerald Onion,9526235,9526235,2025-08-17 12:00:00,2025-12-15 14:00:00,"Exit,Fast,Guard,HSDir,Running,Stable,V2Dir,Valid",1,1,1,1,2025-12-15T20:48:16.513339,9.53,9.53,120
0084A1C8F870D73BB208F05E153FE47DF8B4C3D6,0084A1C8,torplemmax,185.120.137.202,Guard,Poland,pl,Melbikomas UAB,11418590,10485760,2025-02-28 15:00:00,2025-12-15 14:00:00,"Fast,Guard,HSDir,Running,Stable,V2Dir,Valid",1,0,1,1,2025-12-15T20:48:16.513351,11.42,10.49,289
008640438049F7323CC42EBC5450767021225763,00864043,Ajax,206.189.6.56,Relay,United States of America,us,"DigitalOcean, LLC",19028267,19028267,2025-06-11 17:00:00,2025-12-15 14:00:00,"BadExit,Fast,MiddleOnly,Running,Valid",0,0,0,1,2025-12-15T20:48:16.513362,19.03,19.03,186
008EA22C040A4B5C262551195B5C34B54F353D83,008EA22C,MaxRelay2,23.186.168.33,Guard,United States of America,us,Amazing Creations and More LLC,22009659,22009659,2025-04-09 22:00:00,2025-12-15 14:00:00,"Fast,Guard,HSDir,Running,Stable,V2Dir,Valid",1,0,1,1,2025-12-15T20:48:16.513373,22.01,22.01,249
008EAE223B110C8EDEE20D06FB0DD4C43E3E0142,008EAE22,FTPhalifaxRWTH,137.226.34.45,Guard,Germany,de,RWTH Aachen University,57967315,57967315,2024-05-14 14:00:00,2025-12-15 14:00:00,"Fast,Guard,HSDir,Running,Stable,V2Dir,Valid",1,0,1,1,2025-12-15T20:48:16.513383,57.97,57.97,580
008F10F88397C11C062217EAC35D782F03BDF4C7,008F10F8,NTH5R7,192.42.116.195,Exit,Netherlands,nl,Church of Cyberology,18353907,18353907,2023-07-16 22:00:00,2025-12-15 14:00:00,"Exit,Fast,Running,Stable,Valid",0,1,1,1,2025-12-15T20:48:16.513394,18.35,18.35,882
009312B5344D24F88E355051F5E126D65C0A4A70,009312B5,UnshakledLiberty,15.204.199.47,Guard,United States of America,us,OVH SAS,8118240,8118240,2025-11-22 03:00:00,2025-12-15 14:00:00,"Fast,Guard,HSDir,Running,Stable,V2Dir,Valid",1,0,1,1,2025-12-15T20:48:16.513429,8.12,8.12,23
009EF5F8572D671AFCBBAD65998BA35B50EE04BC,009EF5F8,NTH22R4,192.42.116.174,Exit,Netherlands,nl,Church of Cyberology,19095466,19095466,2023-01-01 23:00:00,2025-12-15 14:00:00,"Exit,Fast,Running,Stable,Valid",0,1,1,1,2025-12-15T20:48:16.513441,19.1,19.1,1078
009F8EB6711FA3CCB39343A246B6BF27C9EEBB38,009F8EB6,prsv,57.131.13.45,Guard,Italy,it,OVH SAS,27373568,27373568,2025-11-08 07:00:00,2025-12-15 14:00:00,"Fast,Guard,Running,Stable,V2Dir,Valid",1,0,1,1,2025-12-15T20:48:16.513451,27.37,27.37,37
00B438609546A9F608B4437B03496BA4023761A8,00B43860,zgato,31.41.33.53,Guard,Albania,al,Albanian Hosting SH.P.K.,9608737,9608737,2025-06-14 17:00:00,2025-12-15 14:00:00,"Fast,Guard,HSDir,Running,Stable,V2Dir,Valid",1,0,1,1,2025-12-15T20:48:16.513461,9.61,9.61,183
00B57BF614F7ED3051073B5D4526FF0B23AF217B,00B57BF6,mharelay,147.28.87.56,Guard,Sweden,se,Bredband2 Stockholms Stadsnaet AB,15446341,15446341,2019-11-22 20:00:00,2025-12-15 14:00:00,"Fast,Guard,HSDir,Running,Stable,V2Dir,Valid",1,0,1,1,2025-12-15T20:48:16.513471,15.45,15.45,2214
00BA1399FA614DC07C2883C936FE6CA595171181,00BA1399,Totonicapanp6,66.228.58.164,Relay,United States of America,us,"Akamai Technologies, Inc.",6236491,6236491,2025-12-09 22:00:00,2025-12-10 17:00:00,"Running,V2Dir,Valid",0,0,0,0,2025-12-15T20:48:16.513482,6.24,6.24,0
00BC74C752FE000EE62AA910C73096C4825F5D36,00BC74C7,gembonggedhe,168.138.179.192,Relay,United States of America,us,Oracle Corporation,1340526,1340526,2025-01-10 19:00:00,2025-12-15 14:00:00,"Fast,Running,Stable,Valid",0,0,1,1,2025-12-15T20:48:16.513492,1.34,1.34,338
00BD33C25A006BA95103D3E8043FA7EF1E2BCA6C,00BD33C2,NTH30R8,192.42.116.182,Exit,Netherlands,nl,Church of Cyberology,19349308,19349308,2023-07-07 10:00:00,2025-12-15 14:00:00,"Exit,Fast,Running,Stable,Valid",0,1,1,1,2025-12-15T20:48:16.513502,19.35,19.35,892
00BFB6282460EC17E55EDA6EF65FF9EF058CEC57,00BFB628,Freedom,195.177.94.234,Guard,France,fr,Stellar Group SAS,17435049,17435049,2025-11-30 07:00:00,2025-12-15 14:00:00,"Fast,Guard,HSDir,Running,Stable,V2Dir,Valid",1,0,1,1,2025-12-15T20:48:16.513511,17.44,17.44,15
00C16D60C35DB31F5401E588197737E1D687A3DD,00C16D60,RebootToolsRelay,45.33.62.212,Relay,United States of America,us,"Akamai Technologies, Inc.",1266688,1266688,2025-12-13 08:00:00,2025-12-13 20:00:00,"Running,V2Dir,Valid",0,0,0,0,2025-12-15T20:48:16.513521,1.27,1.27,0
00C7825A1A6FC87DBF9BA0BC83FD60BAA3869136,00C7825A,Benjaminos,45.129.0.166,Relay,Poland,pl,BlueVPS OU,19204332,19204332,2024-11-21 20:00:00,2025-12-15 14:00:00,"BadExit,Fast,MiddleOnly,Running,Stable,Valid",0,0,1,1,2025-12-15T20:48:16.513531,19.2,19.2,388
00CC3A3D92C33E171BBDAEACC4601173BFA24150,00CC3A3D,bauruine,45.134.225.36,Guard+Exit,Netherlands,nl,ColocaTel Inc.,25647398,25647398,2023-02-21 09:00:00,2025-12-15 14:00:00,"Exit,Fast,Guard,HSDir,Running,Stable,V2Dir,Valid",1,1,1,1,2025-12-15T20:48:16.513541,25.65,25.65,1028
00CE7082583673DE24A643E2377FDA4644694BEA,00CE7082,kiwi,50.103.128.207,Relay,United States of America,us,"Frontier Communications of America, Inc.",1563648,1563648,2025-04-17 17:00:00,2025-12-15 14:00:00,"Fast,HSDir,Running,Stable,V2Dir,Valid",0,0,1,1,2025-12-15T20:48:16.513551,1.56,1.56,241
00CF21B2CC62CCBE9CB61D3F2DC38A9ECF98777F,00CF21B2,ande,64.176.3.54,Relay,Chile,cl,"The Constant Company, LLC",1385581,1385581,2023-08-20 19:00:00,2025-12-15 14:00:00,"Fast,HSDir,Running,Stable,V2Dir,Valid",0,0,1,1,2025-12-15T20:48:16.513562,1.39,1.39,847
00D2CE3C2153EA09786F2105F26B138CF759424F,00D2CE3C,tried,107.155.81.178,Guard,United States of America,us,"HIVELOCITY, Inc.",52081664,52081664,2022-05-27 14:00:00,2025-12-15 14:00:00,"Fast,Guard,Running,Stable,V2Dir,Valid",1,0,1,1,2025-12-15T20:48:16.513572,52.08,52.08,1298
00D90605910979CF1AB0E86D219E6171FB18BD43,00D90605,relay1,80.85.141.186,Guard,Netherlands,nl,Zomro B.V.,71350416,71350416,2025-01-30 22:00:00,2025-12-15 14:00:00,"Fast,Guard,HSDir,Running,Stable,V2Dir,Valid",1,0,1,1,2025-12-15T20:48:16.513582,71.35,71.35,318
00DA4A3852EA5EF6841B8B4372DB0EFD3AB0BE92,00DA4A38,ChumBucket,5.9.56.249,Guard,Germany,de,Hetzner Online GmbH,60275037,60275037,2022-12-04 08:00:00,2025-12-15 14:00:00,"Fast,Guard,HSDir,Running,Stable,V2Dir,Valid",1,0,1,1,2025-12-15T20:48:16.513592,60.28,60.28,1107
00DCAEAE3E54C32809E7F7CC4BF2A6FC68FC552F,00DCAEAE,Quintex55,204.8.96.144,Exit,United States of America,us,Quintex Alliance Consulting,7497421,7497421,2020-05-26 23:00:00,2025-12-15 14:00:00,"Exit,Fast,HSDir,Running,Stable,V2Dir,Valid",0,1,1,1,2025-12-15T20:48:16.513603,7.5,7.5,2028
00DE2B27C4BEFB9A19A3E2365DCA7D79362951D7,00DE2B27,HomeMiddleRelay,108.41.104.106,Relay,United States of America,us,Verizon Business,2082856,2082856,2025-12-10 21:00:00,2025-12-15 01:00:00,"Fast,Running,V2Dir,Valid",0,0,0,1,2025-12-15T20:48:16.513613,2.08,2.08,4
00E1290EBA8EE2D60119754DBD9AD1067B2A7712,00E1290E,xkoloke,38.190.150.6,Relay,Serbia,rs,RS Computers L.L.C,0,0,2025-12-15 01:00:00,2025-12-15 14:00:00,"Running,V2Dir,Valid",0,0,0,0,2025-12-15T20:48:16.513623,0.0,0.0,0
00E1649E69FF91D7F01E74A5E62EF14F7D9915E4,00E1649E,dragonhoard,116.203.50.182,Guard,Germany,de,Hetzner Online GmbH,9112896,9112896,2019-01-31 14:00:00,2025-12-15 14:00:00,"Fast,Guard,HSDir,Running,Stable,V2Dir,Valid",1,0,1,1,2025-12-15T20:48:16.513634,9.11,9.11,2510
00EB3A12C77E70F19F66A7BBD094D62969AF350D,00EB3A12,Quintex85,204.8.96.174,Exit,United States of America,us,Quintex Alliance Consulting,6779899,6779899,2020-05-27 05:00:00,2025-12-15 14:00:00,"Exit,Fast,HSDir,Running,Stable,V2Dir,Valid",0,1,1,1,2025-12-15T20:48:16.513645,6.78,6.78,2028
00EEB0F3F8201248648C474DE2F6FED069A902D0,00EEB0F3,ekinao,153.127.16.235,Relay,Japan,jp,SAKURA internet // HOKKAIDO BACKBONE,1499316,1499316,2025-10-30 05:00:00,2025-12-15 14:00:00,"Fast,HSDir,Running,Stable,V2Dir,Valid",0,0,1,1,2025-12-15T20:48:16.513655,1.5,1.5,46
00F0586A35B4FF15F3F1F77A8A6DAC9C6EDC4724,00F0586A,Cadelanne,38.102.127.252,Guard,Canada,ca,Rica Web Services,7571570,7571570,2023-11-28 04:00:00,2025-12-15 14:00:00,"Fast,Guard,HSDir,Running,Stable,V2Dir,Valid",1,0,1,1,2025-12-15T20:48:16.513664,7.57,7.57,748
00F1F247B391B84CB6C221720BCBFC0DFDB91117,00F1F247,IBDUUIBAD,212.227.74.176,Guard,Germany,de,IONOS SE,42266245,42266245,2020-09-29 13:00:00,2025-12-15 14:00:00,"Fast,Guard,HSDir,Running,Stable,V2Dir,Valid",1,0,1,1,2025-12-15T20:48:16.513674,42.27,42.27,1903
00FB85B65AC2F460CD46A3B6E5639821E3F52048,00FB85B6,NTH20R3,192.42.116.217,Guard+Exit,Netherlands,nl,Church of Cyberology,21248070,21248070,2023-02-05 10:00:00,2025-12-15 14:00:00,"Exit,Fast,Guard,HSDir,Running,Stable,V2Dir,Valid",1,1,1,1,2025-12-15T20:48:16.513684,21.25,21.25,1044
0111BA9B604669E636FFD5B503F382A4B7AD6E80,0111BA9B,DigiGesTor1e1,185.195.71.244,Guard+Exit,Switzerland,ch,Datasource AG,35033088,26214400,2015-05-22 20:00:00,2025-12-15 14:00:00,"Exit,Fast,Guard,Running,Stable,V2Dir,Valid",1,1,1,1,2025-12-15T20:48:16.513693,35.03,26.21,3859
0114354ADC037C43CD7F11A708248894A06BF503,0114354A,ti5,64.62.233.207,Guard,United States of America,us,Hurricane Electric LLC,7139765,7139765,2025-06-19 10:00:00,2025-12-15 14:00:00,"Fast,Guard,HSDir,Running,Stable,V2Dir,Valid",1,0,1,1,2025-12-15T20:48:16.513703,7.14,7.14,179
01181B31BE5860C7D66DA88F88AD522C06470FD9,01181B31,motauri,95.143.193.125,Exit,Sweden,se,Internetport Sweden AB,1199252,1199252,2018-03-19 15:00:00,2025-12-12 10:00:00,"Exit,Fast,HSDir,Running,Stable,V2Dir,Valid",0,1,1,1,2025-12-15T20:48:16.513716,1.2,1.2,2824
011897BF6EF3FBB2E2136D6CBE8700B8F31EA680,011897BF,Aramis,45.138.16.230,Guard+Exit,Poland,pl,1337 Services GmbH,11112228,11112228,2025-04-13 19:00:00,2025-12-15 14:00:00,"Exit,Fast,Guard,Running,Stable,V2Dir,Valid",1,1,1,1,2025-12-15T20:48:16.513731,11.11,11.11,245
012086245D4EAE00196FA2083B0773E9F0AABB3A,01208624,IdotI,185.246.188.116,Relay,Netherlands,nl,FlokiNET ehf,35892281,35892281,2025-06-17 03:00:00,2025-12-15 14:00:00,"BadExit,Fast,MiddleOnly,Running,Stable,Valid",0,0,1,1,2025-12-15T20:48:16.513741,35.89,35.89,181
01256FCF4C782803863E6AAA2D31C0005CF0107C,01256FCF,NTH22R4,172.237.91.96,Relay,Singapore,sg,"Akamai Technologies, Inc.",1099776,1099776,2025-12-13 08:00:00,2025-12-13 20:00:00,"Running,V2Dir,Valid",0,0,0,0,2025-12-15T20:48:16.513751,1.1,1.1,0
012FF89275D78F38F5DDECAD66627C8118C18FD4,012FF892,dreamachine,5.255.110.120,Guard+Exit,Netherlands,nl,The Infrastructure Group B.V.,22285387,22285387,2025-06-27 20:00:00,2025-12-15 14:00:00,"Exit,Fast,Guard,HSDir,Running,Stable,V2Dir,Valid",1,1,1,1,2025-12-15T20:48:16.513761,22.29,22.29,170
013851842A68998130EC3C714E8D78E7E2872FA2,01385184,asdftuxcart646hgfd,109.204.188.148,Guard,Finland,fi,Valoo Oy,5026744,5026744,2025-04-23 23:00:00,2025-12-15 14:00:00,"Fast,Guard,Running,Stable,V2Dir,Valid",1,0,1,1,2025-12-15T20:48:16.513771,5.03,5.03,235
0138DDE95A04DF80DAF96111C93051BBBB6BF0A2,0138DDE9,relayon0153,185.220.101.153,Exit,Germany,de,Stiftung Erneuerbare Freiheit,46013610,46013610,2023-09-06 05:00:00,2025-12-15 14:00:00,"Exit,Fast,Running,Stable,Valid",0,1,1,1,2025-12-15T20:48:16.513781,46.01,46.01,831
013ABAED8F4CDB677BE0B5212E4B2583B86035EE,013ABAED,b0rken,45.129.182.225,Guard,Germany,de,netcup GmbH,46022414,46022414,2021-08-30 18:00:00,2025-12-15 14:00:00,"Fast,Guard,HSDir,Running,Stable,V2Dir,Valid",1,0,1,1,2025-12-15T20:48:16.513791,46.02,46.02,1567
014040C3C7B72F2F4C43150C32C1E72CA7220848,014040C3,StrongMoneroXMR,185.148.3.158,Relay,Finland,fi,Magna Capax Finland Oy,19968274,19968274,2025-11-23 16:00:00,2025-12-15 14:00:00,"Fast,Running,Stable,Valid",0,0,1,1,2025-12-15T20:48:16.513801,19.97,19.97,21
0145977CF1D2D4AAF98907BF81DAAD8480EFC3FD,0145977C,bauruine,78.142.18.219,Guard+Exit,Netherlands,nl,ColocaTel Inc.,22508971,22508971,2023-02-21 09:00:00,2025-12-15 14:00:00,"Exit,Fast,Guard,HSDir,Running,Stable,V2Dir,Valid",1,1,1,1,2025-12-15T20:48:16.513811,22.51,22.51,1028
014BD09636373B78CC28BA70E36C7190E3DE236A,014BD096,insist,172.103.94.117,Relay,Sweden,se,Junet AB,9706496,9706496,2019-07-22 01:00:00,2025-12-15 14:00:00,"Fast,Running,V2Dir,Valid",0,0,0,1,2025-12-15T20:48:16.513821,9.71,9.71,2338
014EE24BCBDA160F236B2547A4639B27E303A1E7,014EE24B,marsmellow,20.224.145.181,Relay,Netherlands,nl,Microsoft Corporation,2138050,2097152,2014-12-26 00:00:00,2025-12-13 10:00:00,"Fast,Running,Stable,Valid",0,0,1,1,2025-12-15T20:48:16.513831,2.14,2.1,4005
0152D10F2AAFA90645C236B181EE9407679F157D,0152D10F,XMRnotTraceYou,78.159.131.66,Relay,Albania,al,GLOBAL CONNECTIVITY SOLUTIONS LLP,16550821,16550821,2025-09-14 20:00:00,2025-12-15 14:00:00,"Fast,Running,Stable,Valid",0,0,1,1,2025-12-15T20:48:16.513840,16.55,16.55,91
0153A0723F39CA78F5B60735DEC4A84E0991C5FD,0153A072,forest03,102.211.56.20,Guard+Exit,South Africa,za,Maxko for Gaming Development,5400576,5400576,2025-10-13 12:00:00,2025-12-15 14:00:00,"Exit,Fast,Guard,Running,Stable,V2Dir,Valid",1,1,1,1,2025-12-15T20:48:16.513855,5.4,5.4,63
015B9DFD0594751B17F5047CF28E567BD79648AD,015B9DFD,prsv,45.143.200.32,Guard+Exit,Switzerland,ch,GLOBAL CONNECTIVITY SOLUTIONS LLP,24236032,24236032,2025-07-11 05:00:00,2025-12-15 14:00:00,"Exit,Fast,Guard,Running,Stable,V2Dir,Valid",1,1,1,1,2025-12-15T20:48:16.513865,24.24,24.24,157
0167818895813BBBBBA441B789944E937231C1D9,01678188,Clovenhoof,77.73.69.181,Relay,Russian Federation,ru,SIA VEESP,3528893,3145728,2024-12-24 08:00:00,2025-12-15 14:00:00,"Fast,Running,V2Dir,Valid",0,0,0,1,2025-12-15T20:48:16.513875,3.53,3.15,356
016E12F1491EC71E2A1ABCBC4D450ACE0EA95E30,016E12F1,cozybeardev,176.65.149.195,Relay,Netherlands,nl,Pfcloud UG,19256272,19256272,2025-12-05 02:00:00,2025-12-15 14:00:00,"BadExit,Fast,MiddleOnly,Running,Stable,Valid",0,0,1,1,2025-12-15T20:48:16.513885,19.26,19.26,10
016F1C83981BF2BEE449A3EA760E1DE2380C01EB,016F1C83,GermanCraft29,152.53.251.244,Relay,Germany,de,netcup GmbH,13148160,13107200,2024-01-23 09:00:00,2025-12-15 14:00:00,"Fast,Running,Stable,V2Dir,Valid",0,0,1,1,2025-12-15T20:48:16.513896,13.15,13.11,692
01763E5F51F2D8462BB4DB8B1E69983BFAA682ED,01763E5F,RebootToolsRelay,212.34.148.78,Guard,Netherlands,nl,SERVERS TECH FZCO,6610000,6291456,2025-10-13 11:00:00,2025-12-15 14:00:00,"Fast,Guard,HSDir,Running,Stable,V2Dir,Valid",1,0,1,1,2025-12-15T20:48:16.513905,6.61,6.29,63
017B08CC163424CD6ABA4ADD4042B4174D494732,017B08CC,Bigdaddy,185.21.217.32,Relay,Netherlands,nl,Feral.io Ltd,37825881,37825881,2020-10-19 15:00:00,2025-12-15 14:00:00,"Fast,Running,Stable,Valid",0,0,1,1,2025-12-15T20:48:16.513915,37.83,37.83,1882
017FB433A3AD31962E845E365EB1F96959A72B51,017FB433,cleosrelay,188.165.26.76,Guard,Lithuania,lt,OVH SAS,50583944,50583944,2025-02-17 18:00:00,2025-12-15 14:00:00,"Fast,Guard,HSDir,Running,Stable,V2Dir,Valid",1,0,1,1,2025-12-15T20:48:16.513925,50.58,50.58,300
01870F782E458F124563328DB57EB82F4475BDE0,01870F78,unnerve0909,84.44.220.165,Guard,Germany,de,NetCologne Gesellschaft fur Telekommunikation mbH,4816065,4816065,2023-12-14 19:00:00,2025-12-15 14:00:00,"Fast,Guard,Running,Stable,V2Dir,Valid",1,0,1,1,2025-12-15T20:48:16.513935,4.82,4.82,731
01900B2CF00B459C08063028593FB6AA8ABB79E8,01900B2C,roomformushroom,144.217.32.158,Guard,Canada,ca,OVH SAS,10664960,10664960,2023-11-02 12:00:00,2025-12-15 14:00:00,"Fast,Guard,HSDir,Running,Stable,V2Dir,Valid",1,0,1,1,2025-12-15T20:48:16.513945,10.66,10.66,774
0198EDB37DF026512F6F3D472B50D69A18A89777,0198EDB3,Exits4Privacy,192.76.160.143,Relay,Netherlands,nl,The Infrastructure Group B.V.,98581533,98581533,2025-10-27 19:00:00,2025-12-15 14:00:00,"BadExit,Fast,MiddleOnly,Running,Stable,Valid",0,0,1,1,2025-12-15T20:48:16.513955,98.58,98.58,48
0198F7DF09A6E1C02C959D9EAAD274C3DE4E8067,0198F7DF,prsv,51.77.132.82,Guard,France,fr,OVH SAS,11807744,11807744,2024-11-09 07:00:00,2025-12-15 14:00:00,"Fast,Guard,Running,Stable,V2Dir,Valid",1,0,1,1,2025-12-15T20:48:16.513965,11.81,11.81,401
019FEB22CE04CBD0489B7F24BE038518B64FA223,019FEB22,PyotrTorpotkinTwo,142.44.243.133,Guard,Canada,ca,OVH SAS,8620730,8620730,2017-10-29 06:00:00,2025-12-15 14:00:00,"Fast,Guard,HSDir,Running,Stable,V2Dir,Valid",1,0,1,1,2025-12-15T20:48:16.513975,8.62,8.62,2969
01A80C07C00FCCA43DFA8597113FB651EA3C157D,01A80C07,FreePearV6node02,204.197.163.238,Relay,United States of America,us,System In Place,770573,768000,2025-12-07 02:00:00,2025-12-15 14:00:00,"Fast,HSDir,Running,Stable,V2Dir,Valid",0,0,1,1,2025-12-15T20:48:16.513985,0.77,0.77,8
01AAB29EA31118E877DB4EFC4F8CAC2B8F724DFB,01AAB29E,GOGRelayAlb12,45.156.87.164,Guard+Exit,Netherlands,nl,Pfcloud UG,16100411,16100411,2025-05-06 01:00:00,2025-12-15 14:00:00,"Exit,Fast,Guard,HSDir,Running,Stable,V2Dir,Valid",1,1,1,1,2025-12-15T20:48:16.513996,16.1,16.1,223
01B529D7CA78C76D859654F36FB2EEE6750F675B,01B529D7,Taiwan,172.233.17.197,Relay,Brazil,br,"Akamai Technologies, Inc.",0,0,2025-12-14 15:00:00,2025-12-15 08:00:00,"Running,V2Dir,Valid",0,0,0,0,2025-12-15T20:48:16.514006,0.0,0.0,0
01B8F18C11CE2877E8190FA2C81808CD087515C0,01B8F18C,root1Moh,89.58.34.53,Guard,Germany,de,netcup GmbH,13108333,13108333,2022-02-05 10:00:00,2025-12-15 14:00:00,"Fast,Guard,HSDir,Running,Stable,V2Dir,Valid",1,0,1,1,2025-12-15T20:48:16.514018,13.11,13.11,1409
01BD2AD1F4E290289DF19E0AA543F1408188B4DD,01BD2AD1,handschrift,158.101.181.77,Relay,United States of America,us,Oracle Corporation,6296576,6296576,2024-05-14 18:00:00,2025-12-15 14:00:00,"Fast,Running,V2Dir,Valid",0,0,0,1,2025-12-15T20:48:16.514029,6.3,6.3,579
01BD496FC51975236C37017F0BBD67139183D9E4,01BD496F,KarsLovesIsrael,185.126.114.110,Guard+Exit,Ukraine,ua,SERVER.UA LLC,19394230,19394230,2025-08-16 01:00:00,2025-12-15 14:00:00,"Exit,Fast,Guard,HSDir,Running,Stable,V2Dir,Valid",1,1,1,1,2025-12-15T20:48:16.514039,19.39,19.39,121
01C1BC69D2B1EA4B97D06DDE5A1896AE673D44A2,01C1BC69,GroverWashingt17755,23.92.34.113,Guard,United States of America,us,LIONLINK NETWORKS,10554644,10554644,2024-05-12 02:00:00,2025-12-15 14:00:00,"Fast,Guard,HSDir,Running,Stable,V2Dir,Valid",1,0,1,1,2025-12-15T20:48:16.514048,10.55,10.55,582
01C26E860CAF476BCA19DD303AFD40243CCC5A91,01C26E86,Unnamed,152.32.206.127,Exit,United States of America,us,UCLOUD INFORMATION TECHNOLOGY (HK) LIMITED,729254,729254,2025-03-27 12:00:00,2025-12-15 14:00:00,"Exit,Fast,HSDir,Running,Stable,V2Dir,Valid",0,1,1,1,2025-12-15T20:48:16.514059,0.73,0.73,263
01C3517DB858816210B7FF2F05B14649EE685D9C,01C3517D,NTH5R7,139.162.79.8,Relay,Japan,jp,"Akamai Technologies, Inc.",396354,396354,2025-12-09 00:00:00,2025-12-10 17:00:00,"Running,V2Dir,Valid",0,0,0,0,2025-12-15T20:48:16.514069,0.4,0.4,1
01C4BC345A1AE6E7A6B00E874EBBE40AFD94366A,01C4BC34,skylarkRelay,172.235.201.88,Relay,Japan,jp,"Akamai Technologies, Inc.",639368,639368,2025-12-10 18:00:00,2025-12-11 17:00:00,"Running,V2Dir,Valid",0,0,0,0,2025-12-15T20:48:16.514079,0.64,0.64,0
01D28453A4906AB5CC97B974B56413B75922B894,01D28453,NaClO,135.148.103.15,Guard,United States of America,us,OVH SAS,65270304,65270304,2024-04-03 18:00:00,2025-12-15 14:00:00,"Fast,Guard,HSDir,Running,Stable,V2Dir,Valid",1,0,1,1,2025-12-15T20:48:16.514089,65.27,65.27,620
01DFE64C6E678C1E817FCF89B938FE4296141592,01DFE64C,middlingmanchild,204.111.202.6,Guard,United States of America,us,Shenandoah Cable Television LLC,4433515,4194304,2024-09-02 17:00:00,2025-12-15 14:00:00,"Fast,Guard,HSDir,Running,Stable,V2Dir,Valid",1,0,1,1,2025-12-15T20:48:16.514100,4.43,4.19,468
01E388EF92B569074D8FA86CC9D442E829F6E885,01E388EF,ThanasRelay0,51.255.170.195,Guard,France,fr,OVH SAS,21027234,20971520,2024-11-23 15:00:00,2025-12-15 14:00:00,"Fast,Guard,HSDir,Running,Stable,V2Dir,Valid",1,0,1,1,2025-12-15T20:48:16.514110,21.03,20.97,386
01E52BC4FF6B421983D78A918041304D7BC132FC,01E52BC4,largeprofessor,64.65.2.25,Guard,United States of America,us,1st Amendment Encrypted Openness LLC,3865356,3865356,2025-11-02 18:00:00,2025-12-15 14:00:00,"Fast,Guard,HSDir,Running,Stable,V2Dir,Valid",1,0,1,1,2025-12-15T20:48:16.514120,3.87,3.87,42
01E8A81D47C488C54064D20FEBC3B9928CADA502,01E8A81D,MrNiceGuy,170.117.197.150,Relay,United States of America,us,Prentiss County Electric Power Association,1234873,1234873,2025-07-14 19:00:00,2025-12-12 18:00:00,"Fast,HSDir,Running,Stable,V2Dir,Valid",0,0,1,1,2025-12-15T20:48:16.514131,1.23,1.23,150
01F186592F800874EE83C54D40143EC3225ABE44,01F18659,AnonimaDesman,80.104.44.196,Relay,Italy,it,Telecom Italia S.p.A.,5491003,5242880,2025-11-27 22:00:00,2025-12-15 14:00:00,"Fast,HSDir,Running,Stable,V2Dir,Valid",0,0,1,1,2025-12-15T20:48:16.514141,5.49,5.24,17
01F52978D78E132257E16E2F45B2D3271FA23B5F,01F52978,Unnamed,65.109.163.237,Guard,Finland,fi,Hetzner Online GmbH,5665635,5242880,2025-12-03 17:00:00,2025-12-14 23:00:00,"Fast,Guard,Running,Stable,V2Dir,Valid",1,0,1,1,2025-12-15T20:48:16.514151,5.67,5.24,11
01F6015DB6C684651047FAA36465BEB3AE335CAD,01F6015D,Lamia11,51.81.44.31,Guard,United States of America,us,OVH SAS,8180205,8180205,2023-12-11 01:00:00,2025-12-15 14:00:00,"Fast,Guard,HSDir,Running,Stable,V2Dir,Valid",1,0,1,1,2025-12-15T20:48:16.514160,8.18,8.18,735
01F648AFD7FCC68E7917F42CF3533CC5D3A93DF1,01F648AF,DFRI27,171.25.193.78,Guard+Exit,Sweden,se,Foreningen for digitala fri- och rattigheter,27750240,26214400,2023-05-18 07:00:00,2025-12-15 14:00:00,"Exit,Fast,Guard,HSDir,Running,Stable,V2Dir,Valid",1,1,1,1,2025-12-15T20:48:16.514170,27.75,26.21,942
01F88FDAF98B255B03F197D73D18955BB9690BB4,01F88FDA,edamame,195.133.20.195,Guard,Netherlands,nl,"Timeweb, LLP",35689961,25165824,2025-03-28 12:00:00,2025-12-15 14:00:00,"Fast,Guard,HSDir,Running,Stable,V2Dir,Valid",1,0,1,1,2025-12-15T20:48:16.514180,35.69,25.17,262
01FF9C8571D1C09FA8D2ACCE727D5530FEC10038,01FF9C85,RS1Lselectel,92.42.14.204,Relay,Russian Federation,ru,JSC Selectel,10895501,10895501,2020-01-05 08:00:00,2025-12-14 15:00:00,"Fast,Running,V2Dir,Valid",0,0,0,1,2025-12-15T20:48:16.514190,10.9,10.9,2170
0213E955BDD451CA00CE94EF2C84667DA9624825,0213E955,asdftuxcart646hgfd,172.237.111.106,Relay,United Kingdom of Great Britain and Northern Ireland,gb,"Akamai Technologies, Inc.",10387456,10387456,2025-12-09 23:00:00,2025-12-10 17:00:00,"Running,StaleDesc,V2Dir,Valid",0,0,0,0,2025-12-15T20:48:16.514201,10.39,10.39,0
021DDCD687FD505B7EA7E75DA6CEF0D778AA07FB,021DDCD6,GrmmlDag,213.239.215.221,Guard,Germany,de,Hetzner Online GmbH,29169664,29169664,2018-10-03 13:00:00,2025-12-15 14:00:00,"Fast,Guard,Running,Stable,V2Dir,Valid",1,0,1,1,2025-12-15T20:48:16.514211,29.17,29.17,2630
02245C47B9BA6321A48C4308E1537BCA1592E6D1,02245C47,Quetzalcoatl,193.26.115.123,Guard+Exit,United States of America,us,1337 Services GmbH,11942295,11942295,2025-08-31 05:00:00,2025-12-15 14:00:00,"Exit,Fast,Guard,HSDir,Running,Stable,V2Dir,Valid",1,1,1,1,2025-12-15T20:48:16.514221,11.94,11.94,106
02284B5C2174C4E170E62C30A25BFC77CCB4B851,02284B5C,homik,135.125.202.176,Guard,Germany,de,OVH SAS,29388953,29388953,2025-07-31 22:00:00,2025-12-15 14:00:00,"Fast,Guard,HSDir,Running,Stable,V2Dir,Valid",1,0,1,1,2025-12-15T20:48:16.514231,29.39,29.39,136
0228731E36C96325F11BB9714286901B0990EE30,0228731E,Weltbank,147.135.214.61,Guard,France,fr,OVH SAS,23879405,23879405,2025-07-13 13:00:00,2025-12-15 14:00:00,"Fast,Guard,HSDir,Running,Stable,V2Dir,Valid",1,0,1,1,2025-12-15T20:48:16.514241,23.88,23.88,155
02351FC88D0BF06F6CDE5452656641E6119DBD7E,02351FC8,c0der,95.216.20.80,Guard,Finland,fi,Hetzner Online GmbH,40831487,40831487,2021-11-12 14:00:00,2025-12-15 14:00:00,"Fast,Guard,HSDir,Running,Stable,V2Dir,Valid",1,0,1,1,2025-12-15T20:48:16.514251,40.83,40.83,1494
0244BAB61C42B4279D6B465937DBD3431F0F2ED1,0244BAB6,e40,64.65.0.88,Guard,United States of America,us,1st Amendment Encrypted Openness LLC,41850820,41850820,2025-06-19 10:00:00,2025-12-15 14:00:00,"Fast,Guard,HSDir,Running,Stable,V2Dir,Valid",1,0,1,1,2025-12-15T20:48:16.514261,41.85,41.85,179
0248C5AD937AC4BE22661208F5700BEC96CA2776,0248C5AD,DFRI93,171.25.193.81,Guard+Exit,Sweden,se,Foreningen for digitala fri- och rattigheter,24652913,24652913,2025-09-01 23:00:00,2025-12-15 14:00:00,"Exit,Fast,Guard,HSDir,Running,Stable,V2Dir,Valid",1,1,1,1,2025-12-15T20:48:16.514271,24.65,24.65,104
024BEAF1A4B3F01BB7DCC36402EC8764816129D5,024BEAF1,mindbyte,82.165.21.136,Relay,Germany,de,IONOS SE,14748672,14748672,2024-06-10 00:00:00,2025-12-15 14:00:00,"Fast,Running,V2Dir,Valid",0,0,0,1,2025-12-15T20:48:16.514281,14.75,14.75,553
024DCB8B97B0640B7288070A8C58C295361B1C52,024DCB8B,ogre003,108.211.32.201,Guard,United States of America,us,"AT&T Enterprises, LLC",43291180,43291180,2025-02-19 02:00:00,2025-12-15 14:00:00,"Fast,Guard,HSDir,Running,Stable,V2Dir,Valid",1,0,1,1,2025-12-15T20:48:16.514290,43.29,43.29,299
024F328C941D12984373D8E5620CA62F6F6EB015,024F328C,Taiwan,146.59.153.47,Guard,France,fr,OVH SAS,56854156,56854156,2025-08-03 17:00:00,2025-12-15 14:00:00,"Fast,Guard,HSDir,Running,Stable,V2Dir,Valid",1,0,1,1,2025-12-15T20:48:16.514300,56.85,56.85,133
0258BDAE9B351714B0BCC0DABE1D798D662EBA88,0258BDAE,howlin,45.141.153.214,Guard,United States of America,us,M247 Europe SRL,60871818,60871818,2021-05-24 15:00:00,2025-12-15 14:00:00,"Fast,Guard,HSDir,Running,Stable,V2Dir,Valid",1,0,1,1,2025-12-15T20:48:16.514311,60.87,60.87,1665
026C841C5CF7AF71D13093B5DC9D5DD2D376469E,026C841C,TheBuckeyeNetwork,173.88.179.79,Relay,United States of America,us,Charter Communications Inc,3505563,3505563,2023-10-19 19:00:00,2025-12-15 14:00:00,"Fast,HSDir,Running,Stable,V2Dir,Valid",0,0,1,1,2025-12-15T20:48:16.514321,3.51,3.51,787
026F3D3E1FCEBEE056FBE3B3EB02449B913128D8,026F3D3E,TorNode04,46.38.250.227,Relay,Germany,de,netcup GmbH,24342528,24342528,2025-04-22 21:00:00,2025-12-15 14:00:00,"Fast,Running,V2Dir,Valid",0,0,0,1,2025-12-15T20:48:16.514331,24.34,24.34,236
0273FCDE81A7A3B33F4EB369D20D9A77C6178854,0273FCDE,WatterFall,87.121.52.112,Relay,Bulgaria,bg,Neterra Ltd.,3196600,3194880,2023-11-07 11:00:00,2025-12-15 14:00:00,"Fast,Running,Stable,Valid",0,0,1,1,2025-12-15T20:48:16.514341,3.2,3.19,769
02740F472D1DA5C1B77475F18940FE79F15AF4B8,02740F47,zagreus,81.169.222.158,Relay,Germany,de,Strato GmbH,1011152,1011152,2016-05-05 00:00:00,2025-12-15 14:00:00,"Fast,HSDir,Running,Stable,V2Dir,Valid",0,0,1,1,2025-12-15T20:48:16.514350,1.01,1.01,3511
027E75C92F1231AE5F7BD4E1536696FE3040C460,027E75C9,Digitalcourage4ipeb,185.220.101.100,Exit,Germany,de,Stiftung Erneuerbare Freiheit,26440316,26440316,2020-08-20 00:00:00,2025-12-15 14:00:00,"Exit,Fast,Running,Stable,V2Dir,Valid",0,1,1,1,2025-12-15T20:48:16.514361,26.44,26.44,1943
0288BCA70749C447D1D40C28EA871C7A34CC90D7,0288BCA7,prsv,45.84.107.200,Guard+Exit,Sweden,se,QuxLabs AB,24498176,24498176,2025-08-05 04:00:00,2025-12-15 14:00:00,"Exit,Fast,Guard,Running,Stable,V2Dir,Valid",1,1,1,1,2025-12-15T20:48:16.514371,24.5,24.5,132
028BEF4A81578286BAA1352C73E4609B9915C687,028BEF4A,Kanellos,146.0.36.87,Guard,Germany,de,WIIT AG,24412819,24412819,2023-07-14 14:00:00,2025-12-15 14:00:00,"Fast,Guard,HSDir,Running,Stable,V2Dir,Valid",1,0,1,1,2025-12-15T20:48:16.514384,24.41,24.41,885
02921CB28763DAFBF044352D339F69105365D312,02921CB2,LIDSoL,132.248.59.73,Guard,Mexico,mx,,4476536,4476536,2024-06-05 22:00:00,2025-12-15 14:00:00,"Fast,Guard,HSDir,Running,Stable,V2Dir,Valid",1,0,1,1,2025-12-15T20:48:16.514394,4.48,4.48,557
029C0DD3A8DE99F77B07EFE4391418C410102430,029C0DD3,forest25,103.6.234.172,Relay,Viet Nam,vn,ONLINE DATA COMPANY LIMITED,739328,739328,2025-12-12 05:00:00,2025-12-15 14:00:00,"Fast,Running,V2Dir,Valid",0,0,0,1,2025-12-15T20:48:16.514404,0.74,0.74,3
02A0D8DDF4DA4E601C1C66143BB0C8A0F2F3C857,02A0D8DD,changeme,157.90.77.166,Guard,Germany,de,Hetzner Online GmbH,17963551,10485760,2023-10-28 22:00:00,2025-12-15 14:00:00,"Fast,Guard,HSDir,Running,Stable,V2Dir,Valid",1,0,1,1,2025-12-15T20:48:16.514414,17.96,10.49,778
02A59412DE589A009369BCBF81E56F0D64B3B464,02A59412,LV426,141.147.54.226,Relay,Sweden,se,Oracle Corporation,1129676,1048576,2023-02-11 21:00:00,2025-12-15 14:00:00,"Fast,HSDir,Running,Stable,V2Dir,Valid",0,0,1,1,2025-12-15T20:48:16.514424,1.13,1.05,1037
02A8CCB1FB70984226231283596DA734A80E3F6F,02A8CCB1,onionDAOrel0aded1,5.2.79.190,Guard+Exit,Netherlands,nl,The Infrastructure Group B.V.,49828864,49828864,2022-04-27 22:00:00,2025-12-15 14:00:00,"Exit,Fast,Guard,Running,Stable,V2Dir,Valid",1,1,1,1,2025-12-15T20:48:16.514434,49.83,49.83,1327
02B1C5DFBCBEC735435652050DE1AF0BB0B108CF,02B1C5DF,jeangrae,64.65.63.2,Guard,United States of America,us,1st Amendment Encrypted Openness LLC,44919340,44919340,2025-02-28 09:00:00,2025-12-15 14:00:00,"Fast,Guard,HSDir,Running,Stable,V2Dir,Valid",1,0,1,1,2025-12-15T20:48:16.514444,44.92,44.92,290
02B2152129686AE0BE05F3D1460591DD71C4BB15,02B21521,0x67726579,89.58.60.208,Guard,Germany,de,netcup GmbH,12390867,12390867,2022-11-28 20:00:00,2025-12-15 14:00:00,"Fast,Guard,HSDir,Running,Stable,V2Dir,Valid",1,0,1,1,2025-12-15T20:48:16.514454,12.39,12.39,1112
02C7A07B1214AA338A705EFCCA409D700F757201,02C7A07B,kykeon,45.92.33.62,Guard,Greece,gr,M247 Europe SRL,18636315,18636315,2023-03-01 10:00:00,2025-12-15 14:00:00,"Fast,Guard,HSDir,Running,Stable,V2Dir,Valid",1,0,1,1,2025-12-15T20:48:16.514464,18.64,18.64,1020
02C7EECCDF7814FBA2DB1CBAED000D06E8A32EE8,02C7EECC,KoopaRelay,212.51.151.254,Guard,Switzerland,ch,Init7 (Switzerland) Ltd.,72134624,72134624,2024-11-14 22:00:00,2025-12-15 14:00:00,"Fast,Guard,HSDir,Running,Stable,V2Dir,Valid",1,0,1,1,2025-12-15T20:48:16.514474,72.13,72.13,395
02D46DFA8A4B6EA2F73636682949958E405BB9EC,02D46DFA,nyonyonyo,163.220.236.40,Guard,Japan,jp,Industrial Cyber Security Center of Excellence,3932120,3932120,2025-04-22 11:00:00,2025-12-15 14:00:00,"Fast,Guard,HSDir,Running,Stable,V2Dir,Valid",1,0,1,1,2025-12-15T20:48:16.514484,3.93,3.93,237
02E5EDA263557EBD65B6576DFBC320941533ABD1,02E5EDA2,prsv,45.95.233.104,Guard+Exit,France,fr,GLOBAL CONNECTIVITY SOLUTIONS LLP,19666118,19666118,2025-10-19 00:00:00,2025-12-15 14:00:00,"Exit,Fast,Guard,Running,Stable,V2Dir,Valid",1,1,1,1,2025-12-15T20:48:16.514494,19.67,19.67,57
02F7544D881603A542B801A37B0EE78341BDE8FD,02F7544D,s1d0wsRelay,78.128.71.39,Guard,Bulgaria,bg,BOL BG IZTOK LTD,6574516,6291456,2025-06-22 21:00:00,2025-12-15 14:00:00,"Fast,Guard,Running,Stable,V2Dir,Valid",1,0,1,1,2025-12-15T20:48:16.514504,6.57,6.29,175
02FCF62C0AD3AD1D208D7F27E12E8840EF53C7E0,02FCF62C,Quetzalcoatl,45.141.215.97,Guard+Exit,Poland,pl,1337 Services GmbH,14309290,14309290,2023-07-06 02:00:00,2025-12-15 14:00:00,"Exit,Fast,Guard,HSDir,Running,Stable,V2Dir,Valid",1,1,1,1,2025-12-15T20:48:16.514513,14.31,14.31,893
03000EDDFEB7DB6A4171D09D2DF028ADA6B27DEE,03000EDD,NTH27R2,192.42.116.179,Exit,Netherlands,nl,Church of Cyberology,23384297,23384297,2023-02-05 18:00:00,2025-12-15 14:00:00,"Exit,Fast,Running,Stable,Valid",0,1,1,1,2025-12-15T20:48:16.514523,23.38,23.38,1043
030651D6401349BFC9D5283A1E53ECAA679EB6ED,030651D6,Basil,84.254.84.202,Relay,Switzerland,ch,Iway AG,2774361,2774361,2022-10-23 21:00:00,2025-12-15 14:00:00,"Fast,HSDir,Running,Stable,V2Dir,Valid",0,0,1,1,2025-12-15T20:48:16.514533,2.77,2.77,1148
030B59F0D25752E6C2332E3F7B14746EE6B16D16,030B59F0,TORpid,77.68.100.112,Guard,United Kingdom of Great Britain and Northern Ireland,gb,IONOS SE,14870947,14870947,2023-09-17 22:00:00,2025-12-15 14:00:00,"Fast,Guard,HSDir,Running,Stable,V2Dir,Valid",1,0,1,1,2025-12-15T20:48:16.514543,14.87,14.87,819
0321C0C3E51DA94199706CA42F5794B607E395B9,0321C0C3,ResetTheWorld,89.147.110.154,Exit,Iceland,is,1984 ehf,2884389,358400,2023-06-22 01:00:00,2025-12-15 14:00:00,"Exit,Fast,Running,Stable,Valid",0,1,1,1,2025-12-15T20:48:16.514553,2.88,0.36,907
032E78EDF6708A3C70ABCC2AED9FAABDB7DB4C43,032E78ED,headieone,64.65.62.202,Guard,United States of America,us,1st Amendment Encrypted Openness LLC,6831474,6831474,2025-03-03 07:00:00,2025-12-15 14:00:00,"Fast,Guard,HSDir,Running,Stable,V2Dir,Valid",1,0,1,1,2025-12-15T20:48:16.514563,6.83,6.83,287
03369148E0846353BDA16FCBAFA4A5AC57BF6F6D,03369148,Quetzalcoatl,193.26.115.82,Guard+Exit,United States of America,us,1337 Services GmbH,11073160,11073160,2025-07-14 17:00:00,2025-12-15 14:00:00,"Exit,Fast,Guard,HSDir,Running,Stable,V2Dir,Valid",1,1,1,1,2025-12-15T20:48:16.514573,11.07,11.07,153
0338168244FE531A4E68B5A53850B89365E28A8B,03381682,mursec,66.78.40.183,Relay,United States of America,us,Aokigahara SRL,1458176,1458176,2024-10-31 14:00:00,2025-12-15 14:00:00,"Fast,Running,Stable,V2Dir,Valid",0,0,1,1,2025-12-15T20:48:16.514583,1.46,1.46,410
0341D45C906A5CFAA4A292BCDEEAE5791CCD20F0,0341D45C,BurningMaggi,65.108.240.170,Relay,Finland,fi,Hetzner Online GmbH,29752271,29752271,2025-11-30 02:00:00,2025-12-15 14:00:00,"Fast,Running,Stable,Valid",0,0,1,1,2025-12-15T20:48:16.514593,29.75,29.75,15
03465D21A22B24B242301471D5AA11E4E0E0C915,03465D21,Quetzalcoatl,193.26.115.61,Guard+Exit,United States of America,us,1337 Services GmbH,6791744,6791744,2023-07-08 02:00:00,2025-12-15 14:00:00,"Exit,Fast,Guard,HSDir,Running,Stable,V2Dir,Valid",1,1,1,1,2025-12-15T20:48:16.514603,6.79,6.79,891
034DC4E8D29119BDC85B31879481905F8A5AF13F,034DC4E8,klaxhex,107.189.13.112,Relay,Luxembourg,lu,FranTech Solutions,1318041,1280000,2024-06-21 15:00:00,2025-12-15 14:00:00,"Fast,Running,Stable,Valid",0,0,1,1,2025-12-15T20:48:16.514612,1.32,1.28,541
03504B8C25722FD3FC4F222A9202AD045794A551,03504B8C,Nobby,149.210.164.228,Relay,Netherlands,nl,Signet B.V.,7391775,7391775,2015-06-19 16:00:00,2025-12-15 12:00:00,"Fast,Running,V2Dir,Valid",0,0,0,1,2025-12-15T20:48:16.514622,7.39,7.39,3831
03507D9766D31F6C3756DC913DB82C1AB2E7F4F1,03507D97,Quetzalcoatl,124.198.131.223,Guard+Exit,United States of America,us,1337 Services GmbH,14639996,14639996,2025-04-02 11:00:00,2025-12-15 14:00:00,"Exit,Fast,Guard,HSDir,Running,Stable,V2Dir,Valid",1,1,1,1,2025-12-15T20:48:16.514631,14.64,14.64,257
035F813195F0CB9F567EDFDF60C6745CA36BA0BD,035F8131,Quetzalcoatl,107.189.8.226,Guard+Exit,Luxembourg,lu,FranTech Solutions,32636908,32636908,2021-09-26 02:00:00,2025-12-15 14:00:00,"Exit,Fast,Guard,HSDir,Running,Stable,V2Dir,Valid",1,1,1,1,2025-12-15T20:48:16.514641,32.64,32.64,1541
0364AD2DCED10645EBE42ADFBD5541AA4FC3ADF4,0364AD2D,TheMadHackerNodeV3,67.217.244.5,Guard,United States of America,us,IONOS SE,4542454,4542454,2025-08-24 02:00:00,2025-12-15 14:00:00,"Fast,Guard,HSDir,Running,Stable,V2Dir,Valid",1,0,1,1,2025-12-15T20:48:16.514651,4.54,4.54,113
0368BCE8BE0651178DFB59CB53D93E56FC952F12,0368BCE8,39335A,95.216.2.37,Guard,Finland,fi,Hetzner Online GmbH,24535019,24535019,2025-11-03 23:00:00,2025-12-15 14:00:00,"Fast,Guard,HSDir,Running,Stable,V2Dir,Valid",1,0,1,1,2025-12-15T20:48:16.514661,24.54,24.54,41
036EFD2E61DEA3D2FEE59861BA4245E4DE864112,036EFD2E,TORKeFFORG9,193.189.100.202,Guard+Exit,Sweden,se,KeFF Networks Ltd,24925403,24925403,2020-07-28 14:00:00,2025-12-15 14:00:00,"Exit,Fast,Guard,HSDir,Running,Stable,V2Dir,Valid",1,1,1,1,2025-12-15T20:48:16.514674,24.93,24.93,1966
0371E4EC901C4FC77FEA2AA5BE4218F0BE1F6CE3,0371E4EC,hong,209.58.180.236,Relay,Singapore,sg,LEASEWEB SINGAPORE PTE. LTD.,2190801,2190801,2022-05-24 22:00:00,2025-12-15 14:00:00,"Fast,Running,Stable,V2Dir,Valid",0,0,1,1,2025-12-15T20:48:16.514684,2.19,2.19,1300
0373824FE20175DC71765E08B8878C043D666615,0373824F,MonaLissa,45.140.164.67,Guard,France,fr,OUIHEBERG SARL,33180672,33180672,2025-06-05 12:00:00,2025-12-10 07:00:00,"Fast,Guard,Running,Stable,V2Dir,Valid",1,0,1,1,2025-12-15T20:48:16.514694,33.18,33.18,187
037B6C60DAD4DF32FDA29BF458D5C8C816AA8F3E,037B6C60,mumzie,91.205.230.113,Guard,India,in,HostRoyale Technologies Pvt Ltd,15182563,15182563,2019-08-22 20:00:00,2025-12-15 14:00:00,"Fast,Guard,HSDir,Running,Stable,V2Dir,Valid",1,0,1,1,2025-12-15T20:48:16.514704,15.18,15.18,2306
037BCD0EBDF7DB9F3D562DA27D463F0F78F1494B,037BCD0E,dike,37.120.171.188,Guard,Germany,de,netcup GmbH,31264228,31264228,2018-11-25 05:00:00,2025-12-15 14:00:00,"Fast,Guard,HSDir,Running,Stable,V2Dir,Valid",1,0,1,1,2025-12-15T20:48:16.514714,31.26,31.26,2577
0387FFBBA41A4E1207E4C411B523F465E1E1D165,0387FFBB,prsv,162.19.252.137,Guard,Germany,de,OVH SAS,37408768,37408768,2025-03-02 06:00:00,2025-12-15 14:00:00,"Fast,Guard,Running,Stable,V2Dir,Valid",1,0,1,1,2025-12-15T20:48:16.514724,37.41,37.41,288
038ABBB752B1CBEEB779BA4CC73B22F657FEE36F,038ABBB7,Ulcerate,57.128.220.107,Guard+Exit,Poland,pl,OVH SAS,43293811,43293811,2025-04-12 17:00:00,2025-12-15 14:00:00,"Exit,Fast,Guard,HSDir,Running,Stable,V2Dir,Valid",1,1,1,1,2025-12-15T20:48:16.514734,43.29,43.29,246
038B2A774C859796FC11D26DB7F16494708F7749,038B2A77,bauruine,185.40.4.100,Guard+Exit,Norway,no,"Verasel, Inc.",24256222,24256222,2022-11-08 07:00:00,2025-12-15 14:00:00,"Exit,Fast,Guard,HSDir,Running,Stable,V2Dir,Valid",1,1,1,1,2025-12-15T20:48:16.514744,24.26,24.26,1133
038D985DA93CD2788A24710DAB3D36FB0E8615E6,038D985D,Linux,91.179.18.97,Relay,Belgium,be,Proximus NV,13171758,13171758,2025-10-09 16:00:00,2025-12-15 14:00:00,"Fast,Running,V2Dir,Valid",0,0,0,1,2025-12-15T20:48:16.514754,13.17,13.17,66
0390557D78221071F1DD1D233D1CB9718E95E28D,0390557D,trapGuardNode,43.160.202.4,Relay,Singapore,sg,Shenzhen Tencent Computer Systems Company Limited,1252854,1252854,2025-06-17 10:00:00,2025-12-15 14:00:00,"Fast,HSDir,Running,Stable,V2Dir,Valid",0,0,1,1,2025-12-15T20:48:16.514765,1.25,1.25,181
039BBE51EA8B9D16A2E58D6D82C0C045403E10CF,039BBE51,prsv,185.40.4.20,Guard+Exit,Norway,no,"Verasel, Inc.",20891648,20891648,2024-12-04 07:00:00,2025-12-15 14:00:00,"Exit,Fast,Guard,Running,Stable,V2Dir,Valid",1,1,1,1,2025-12-15T20:48:16.514776,20.89,20.89,376
03A33C3454FC0F9AC6966F12FA486999F5A22896,03A33C34,TLCOnion,96.66.15.152,Exit,United States of America,us,"Comcast Cable Communications, LLC",2580291,2580291,2018-01-05 18:00:00,2025-12-15 14:00:00,"Exit,Fast,HSDir,Running,Stable,V2Dir,Valid",0,1,1,1,2025-12-15T20:48:16.514786,2.58,2.58,2900
03A8DBD294C5803BB8042084DA6CA7ED9090D02A,03A8DBD2,smoovel,96.9.98.181,Guard,United States of America,us,1st Amendment Encrypted Openness LLC,9019522,9019522,2025-03-01 11:00:00,2025-12-15 14:00:00,"Fast,Guard,HSDir,Running,Stable,V2Dir,Valid",1,0,1,1,2025-12-15T20:48:16.514796,9.02,9.02,289
03B1BCD1623B48D2FA61BC1819C47FF35B399A12,03B1BCD1,RacletteStellaire,185.248.33.83,Guard,France,fr,OUIHEBERG SARL,10849280,10485760,2025-11-27 20:00:00,2025-12-15 14:00:00,"Fast,Guard,HSDir,Running,Stable,V2Dir,Valid",1,0,1,1,2025-12-15T20:48:16.514806,10.85,10.49,17
03B9585A46122C21774B3096664A8A2140BF5635,03B9585A,RelayUli,188.68.41.74,Guard,Germany,de,netcup GmbH,26251099,26251099,2022-12-31 18:00:00,2025-12-15 14:00:00,"Fast,Guard,HSDir,Running,Stable,V2Dir,Valid",1,0,1,1,2025-12-15T20:48:16.514816,26.25,26.25,1079
03BA9CBBEF4CFD527AD4F3318B47B34629ADD326,03BA9CBB,loldudenobody,103.194.228.102,Relay,India,in,MANAGE SERVER,1803222,1803222,2025-10-07 13:00:00,2025-12-15 14:00:00,"Fast,Running,V2Dir,Valid",0,0,0,1,2025-12-15T20:48:16.514973,1.8,1.8,69
03BBD15F200980C0FF4B73EF499C39F0C0B4D3B9,03BBD15F,ZwiebelPrivacy,2.59.133.100,Guard,Germany,de,dataforest GmbH,35904512,35904512,2025-11-30 21:00:00,2025-12-15 14:00:00,"Fast,Guard,Running,Stable,V2Dir,Valid",1,0,1,1,2025-12-15T20:48:16.514993,35.9,35.9,14
03BD56B5072FB07D2B4D79E2FB04366D415EF3EC,03BD56B5,Totonicapanp6,163.172.76.56,Guard,France,fr,SCALEWAY S.A.S.,17756690,17756690,2021-08-21 06:00:00,2025-12-15 14:00:00,"Fast,Guard,HSDir,Running,Stable,V2Dir,Valid",1,0,1,1,2025-12-15T20:48:16.515000,17.76,17.76,1577
03C3069E814E296EB18776EB61B1ECB754ED89FE,03C3069E,Ichotolot61,81.7.10.193,Relay,Germany,de,ISPpro Internet KG,1186168,1024000,2017-04-12 21:00:00,2025-12-15 14:00:00,"Fast,HSDir,Running,Stable,V2Dir,Valid",0,0,1,1,2025-12-15T20:48:16.515013,1.19,1.02,3168
03C794401A92F2F033AD5DFB2FC005D445910654,03C79440,server001,185.163.45.212,Guard,"Moldova, Republic of",md,MivoCloud SRL,6631795,6631795,2022-01-11 20:00:00,2025-12-15 14:00:00,"Fast,Guard,HSDir,Running,Stable,V2Dir,Valid",1,0,1,1,2025-12-15T20:48:16.515024,6.63,6.63,1433
03CB58CC506894147FFABAF43F6A84C52BDFCECA,03CB58CC,lewandowsky,185.104.194.129,Guard,Poland,pl,HZ Hosting Ltd,4958775,4958775,2023-03-17 11:00:00,2025-12-15 14:00:00,"Fast,Guard,HSDir,Running,Stable,V2Dir,Valid",1,0,1,1,2025-12-15T20:48:16.515035,4.96,4.96,1004
03CCD8C021B75030122B48E5665A86E199EC989C,03CCD8C0,quinoa,109.70.100.6,Exit,Austria,at,Foundation for Applied Privacy,27834429,27834429,2023-07-01 12:00:00,2025-12-15 14:00:00,"Exit,Fast,Running,Stable,Valid",0,1,1,1,2025-12-15T20:48:16.515046,27.83,27.83,898
03D1EF3EF2BE5145150C58ACC72519DD860E61BA,03D1EF3E,blackfox,136.243.3.194,Guard,Germany,de,Hetzner Online GmbH,58389168,58389168,2021-11-13 11:00:00,2025-12-15 14:00:00,"Fast,Guard,HSDir,Running,Stable,V2Dir,Valid",1,0,1,1,2025-12-15T20:48:16.515057,58.39,58.39,1493
03D28BA49B764A71AD4D30D827DCD69C47E8EBBD,03D28BA4,NTH22R5,172.105.188.65,Relay,Australia,au,"Akamai Technologies, Inc.",809185,809185,2025-12-08 20:00:00,2025-12-10 17:00:00,"Running,V2Dir,Valid",0,0,0,0,2025-12-15T20:48:16.515068,0.81,0.81,1
03DB7F55FD2A2C3135EC6D531745CCFD1AA4477D,03DB7F55,FreeTheInternet,141.98.153.205,Guard,Germany,de,Contabo GmbH,11920398,11920398,2024-06-12 22:00:00,2025-12-15 14:00:00,"Fast,Guard,HSDir,Running,Stable,V2Dir,Valid",1,0,1,1,2025-12-15T20:48:16.515079,11.92,11.92,550
03E107A3663E912664F4A934DFF451262C218357,03E107A3,Wildtwister,94.100.6.11,Relay,Latvia,lv,IPV1 SIA,1037312,1037312,2022-02-25 16:00:00,2025-12-15 14:00:00,"Fast,Running,Stable,V2Dir,Valid",0,0,1,1,2025-12-15T20:48:16.515089,1.04,1.04,1388
03E9F7E669C8F911C5EEC3EC094533151F857420,03E9F7E6,4pyro2eu3org0,217.155.40.118,Relay,United Kingdom of Great Britain and Northern Ireland,gb,Zen Internet Ltd,1863659,1863659,2014-06-10 21:00:00,2025-12-15 14:00:00,"Fast,HSDir,Running,Stable,V2Dir,Valid",0,0,1,1,2025-12-15T20:48:16.515101,1.86,1.86,4205
03F26766F14B0B7B5D22461083807D313429A34F,03F26766,Janky380201,5.196.71.24,Guard,France,fr,OVH SAS,3927481,3927481,2016-04-05 03:00:00,2025-12-15 14:00:00,"Fast,Guard,HSDir,Running,Stable,V2Dir,Valid",1,0,1,1,2025-12-15T20:48:16.515111,3.93,3.93,3541
03FDBF0E3FE1C91C926FFAF65564C5D3CCF606A2,03FDBF0E,ididnteditheconfig,217.156.67.146,Guard,"Moldova, Republic of",md,AVA HOST SRL,10084352,10084352,2025-06-08 15:00:00,2025-12-14 13:00:00,"Fast,Guard,Running,Stable,V2Dir,Valid",1,0,1,1,2025-12-15T20:48:16.515122,10.08,10.08,188
040085FFE1E88CF48AB0B5B2AB39035758C65F0C,040085FF,RichardFeynman,159.69.71.58,Relay,Germany,de,Hetzner Online GmbH,1052445,1048576,2017-04-09 23:00:00,2025-12-15 14:00:00,"Fast,HSDir,Running,Stable,V2Dir,Valid",0,0,1,1,2025-12-15T20:48:16.515133,1.05,1.05,3171
0403BD88235C49F4C0672F213912FCB3A2B93DCC,0403BD88,NTH20R4,192.42.116.217,Guard+Exit,Netherlands,nl,Church of Cyberology,27317110,27317110,2023-02-05 10:00:00,2025-12-15 14:00:00,"Exit,Fast,Guard,HSDir,Running,Stable,V2Dir,Valid",1,1,1,1,2025-12-15T20:48:16.515143,27.32,27.32,1044
04045B9662E1629B3681B1F8F96E96F1A6373B80,04045B96,prsv,146.19.168.223,Guard,France,fr,FEELB SARL,23671808,23671808,2024-03-03 08:00:00,2025-12-15 14:00:00,"Fast,Guard,Running,Stable,V2Dir,Valid",1,0,1,1,2025-12-15T20:48:16.515153,23.67,23.67,652
04068B4C8137109D53374E6F53F0FF422807E636,04068B4C,42dugg,96.9.98.215,Relay,United States of America,us,1st Amendment Encrypted Openness LLC,8972628,8972628,2025-03-17 04:00:00,2025-12-15 14:00:00,"Fast,Running,Stable,Valid",0,0,1,1,2025-12-15T20:48:16.515164,8.97,8.97,273
0406DF11FC1C04CAF8B771CA2B9BA7C473E9DE4E,0406DF11,exit,185.107.57.65,Guard+Exit,Netherlands,nl,NForce Entertainment B.V.,87270039,87270039,2024-06-03 16:00:00,2025-12-09 09:00:00,"BadExit,Exit,Fast,Guard,HSDir,Running,Stable,V2Dir,Valid",1,1,1,1,2025-12-15T20:48:16.515199,87.27,87.27,553
040970FAAD1C34937969E6550E9067D6A81CE25D,040970FA,Caragiale,188.25.85.33,Guard,Romania,ro,RCS & RDS SA,14467776,14467776,2024-06-18 08:00:00,2025-12-15 14:00:00,"Fast,Guard,HSDir,Running,Stable,V2Dir,Valid",1,0,1,1,2025-12-15T20:48:16.515229,14.47,14.47,545
04102613D8F998E956A7868D2DE5A532EE2473EA,04102613,Kumquat,207.244.78.230,Guard,United States of America,us,"Leaseweb USA, Inc.",84633332,84633332,2023-01-27 16:00:00,2025-12-15 14:00:00,"Fast,Guard,HSDir,Running,Stable,V2Dir,Valid",1,0,1,1,2025-12-15T20:48:16.515236,84.63,84.63,1052
0410E68E65BE1DD16C5B10802C9A623DCFCFE95F,0410E68E,DFRI40,171.25.193.235,Guard+Exit,Sweden,se,Foreningen for digitala fri- och rattigheter,16913620,16913620,2024-07-23 20:00:00,2025-12-15 14:00:00,"Exit,Fast,Guard,HSDir,Running,Stable,V2Dir,Valid",1,1,1,1,2025-12-15T20:48:16.515244,16.91,16.91,509
0414E86025AC77B745879A815AAA26B169E88746,0414E860,mcpattyfarm,72.60.68.38,Guard,United States of America,us,Hostinger International Limited,7507543,7507543,2025-08-20 23:00:00,2025-12-15 14:00:00,"Fast,Guard,HSDir,Running,Stable,V2Dir,Valid",1,0,1,1,2025-12-15T20:48:16.515255,7.51,7.51,116
041646640AB306EA74B001966E86169B04CC88D2,04164664,QuintexAirVPN26,204.8.96.79,Exit,United States of America,us,Quintex Alliance Consulting,5997357,5997357,2017-02-25 08:00:00,2025-12-15 14:00:00,"Exit,Fast,HSDir,Running,Stable,V2Dir,Valid",0,1,1,1,2025-12-15T20:48:16.515267,6.0,6.0,3215
041A29E5675ADA013C25B39521A67FC3AFA39A86,041A29E5,roadking,24.201.121.72,Relay,Canada,ca,Videotron Ltee,1396832,1310720,2025-10-31 16:00:00,2025-12-15 14:00:00,"Fast,HSDir,Running,Stable,V2Dir,Valid",0,0,1,1,2025-12-15T20:48:16.515280,1.4,1.31,44
0421EBAC3C7DF0EE4659163D1BFCAE6DA6543C9D,0421EBAC,TorMcTorface,23.129.64.177,Guard+Exit,United States of America,us,Emerald Onion,10178876,10178876,2025-08-17 12:00:00,2025-12-15 14:00:00,"Exit,Fast,Guard,HSDir,Running,Stable,V2Dir,Valid",1,1,1,1,2025-12-15T20:48:16.515290,10.18,10.18,120
0423E2E9710128393437D41C08941C312A8F97FF,0423E2E9,MeinIPv6Relay,54.37.255.75,Guard,France,fr,OVH SAS,24820212,20971520,2025-11-02 11:00:00,2025-12-15 14:00:00,"Fast,Guard,HSDir,Running,Stable,V2Dir,Valid",1,0,1,1,2025-12-15T20:48:16.515301,24.82,20.97,43
